TANGGAL;PENULIS;TEMA;ISI
2017-12-19;6196076;Video: tidak selayaknya kita sombong jika mengantuk;
2017-12-18;6107067;Si Jono;
2017-12-17;2017038;Doa ketika ditimpa musibah;
2017-12-16;2016030;Menuju Aksi Bela Palestina;
2017-12-15;1708040;Abdul Hamid II dan Baitul Maqdis;
2017-12-14;6113882;Putuskan pindah keyakinan;
2017-12-13;193078;Fitrah Seksualitas;
2017-12-12;6107067;Foto mobil terperosok di pertigaan tol Cakung pagi;
2017-12-12;6196076;Video: Bersyukur;
2017-12-11;2017038;Siklus putaran rejeki;
2017-12-11;6107067;Nasehat untuk para istri;
2017-12-11;2016030;Andai hidayah itu berhubungan dengan kecerdasan;
2017-12-11;6107067;Obrolan keluarga tikus;
2017-12-08;1708040;Saling memaafkan;
2017-12-07;6107067;Potret Semangat;
2017-12-06;6113882;Rumah yang berantakan pertanda orang tuanya baik;
2017-12-06;6107067;Most people do not listen with intent to understand;
2017-12-06;193078;Baiti Jannati;
2017-12-05;6196076;Tawakkal;
2017-12-04;6107067;Sifatul Insan;
2017-12-03;6113882;5 foto ilustrasi;
2017-12-02;2016030;7 kebiasaan yang tidak baik untuk kesehatan;
2017-11-29;193078;Menyindir diri sendiri;
2017-11-28;6196076;Wikipedia: Ibnu Qayyim Al-Jauziyyah;
2017-11-28;6196076;Sok Sibuk ben Pantes Dibayar;
2017-11-27;6107067;Humor: Mukidi Bantu Nenek;
2017-11-26;6107067;Info promosi #ThinkVirtualOffice;
2017-11-26;6196076;Video Jawa Lucu dari MadLipz;
2017-11-26;6107067;Kevin Mitnick: The Importance Of Human Awareness of Security;
2017-11-26;2017038;Pentingnya sarapan;
2017-11-26;6107067;Pembangunan office PAMA BRCB bermanfaat;
2017-11-25;2016030;Selamat Hari Guru;
2017-11-25;6107067;Menulis blog tentang Pengangguran dan Pencarian Lowongan Kerja;
2017-11-24;6107067;Permintaan kerjasama dari Jooble.org;
2017-11-24;6107067;Renungan hari ini, jika kita berbuat baik kepada orang lain.;
2017-11-22;193078;Hubungan Kakak-Adik;
2017-11-21;6107067;Informasi penutupan jalan tol Jakarta-Cikampek KM 4 tgl 21-30 Nov 2017 karena adanya pemasangan balok Girder;
2017-11-20;6107067;Sebuah Cerita untuk Ayah;
2017-11-19;6107067;Foto Lucu Gratis Bensin Pertamina tanggal 31 Nopember 2017;
2017-11-18;2016030;Cinta tapi Gerimis:);
2017-11-16;6196076;Video bakso super size;
2017-11-16;6107067;Interviewer and Candidate (funny conversation);
2017-11-16;6196076;Tombo ngantuk (jawa version);
2017-11-15;6107067;Pengiriman usulan proposal program TASAKUR melalui email anggota sel Nano;
2017-11-15;193078;Cemburu yang dibenarkan dalam Islam;
2017-11-14;6196076;Ayat: Kemudahan dibalik kesulitan;
2017-11-13;6107067;Foto pilihan dalam hidup;
2017-11-13;6107067;Reuni;
2017-11-12;2017038;Berbahagialah dengan cara paling sederhana;
2017-11-12;2016030;Harga Masuk Toilet;
2017-11-12;6107067;Knowledge, Experience & Creativity;
2017-11-12;6107067;Cara terbaik meraih mimpi;
2017-11-11;2016030;Ada cinta-Nya dibalik ujian-Mu;
2017-11-11;6107067;Ingin fokus menganggur;
2017-11-10;6196076;Ayo dapatkan waktu yang barokah;
2017-11-07;193078;Buat anak2 kita (dari Najwa Shihab); 
2017-11-07;6196076;Allah tidak membebani seseorang melainkan sesuai kesanggupannya; 
2017-11-07;6196076;Allah tidak membebani seseorang melainkan sesuai kesanggupannya; 
2017-11-07;6107067;Usulan program Tahiti, tantangan hidup atau mati :); 
2017-11-06;6107067;Jangan kau ludahi sumur yang kau timba dan minum airnya; 
2017-11-06;2017038;Perbedaan file JPEG dan PNG;
2017-11-03;6107067;Hidup terintegrasi di jaman modern;
2017-11-01;193078;Kisah seorang ibu yang dititipkan di pantai jompo di Malaysia;
2017-11-01;6113882;Bocah ini Kena Gangguan Jiwa karena Terlalu Banyak Ikut Les;
2017-10-31;6196076;Video;https://dl.dropboxusercontent.com/1/view/9igia3bhksgl5do/Simpan/Tes.mp4
2017-10-30;2016030;Minum air putih terbaik;
2017-10-30;6196076;Foto Jalan mudah belum tentu terbaik;https://dl.dropboxusercontent.com/1/view/d30s7fyp4a8lvk4/Simpan/nano2.jpg
2017-10-30;6113882;Video;https://dl.dropboxusercontent.com/1/view/sfks10bcyvz0inu/Simpan/nano2.mp4
2017-10-27;6107067;Gambar bahasa banjar;
2017-10-26;6107067;Meme lucu basa jowo;
2017-10-25;6107067;Buku amalan pembuka rejeki;
2017-10-24;6198008;Bubur langganan;
2017-10-24;6196076;Ayat merubah nasib suatu kaum;
2017-10-24;6107067;Poster Marketing pemasaran properti yang unik;
2017-10-23;6107067;3 cara agar lancar berbicara di depan umum;
2017-10-22;6198008;Cara registrasi kartu prabayar;
2017-10-22;2017038;Pemutihan Pajak Kendaraan Bermotor;
2017-10-19;6198008;Bagi yang doyan Ngopi;
2017-10-19;6196076;Link kopi hijau;
2017-10-19;6107067;Menkeu rajin menulis;
2017-10-19;6107067;Menkeu rajin menulis;
2017-10-19;6113882;Mengapa rambut putih;
2017-10-18;193078;Penyakit Ain;
2017-10-17;6196076;Hukum jual beli kucing;
2017-10-17;6196076;Hukum jual beli kucing;
2017-10-17;6107067;Foto kebun hidroponik milik Pak Gun;https://dl.dropboxusercontent.com/1/view/dhj3eln7oau0j8c/Simpan/Nano31.jpg
2017-10-15;6113882;Menyindir diri sendiri;
2017-10-15;2016030;Registrasi nomor prabayar;
2017-10-15;2017038;Bank syariah;
2017-10-15;6107067;Foto vessel dumptruck di Jalan Raya Cakung;https://dl.dropboxusercontent.com/1/view/ga35d6wqcyc77jd/Simpan/Nano35.jpg
2017-10-14;2016030;Beda tapi Sama;
2017-10-13;193078;Rahasia sujud;
2017-10-10;6107067;Kalau sendirian;
2017-10-10;6113882;PT Astra Modernland;
2017-10-10;6196076;Rintangan dan Rantangan;
2017-10-09;6107067;Reminder jadwal sharing WA;
